{
  "total_return": 0.1883080525240075,
  "buy_hold_return": 12.26,
  "excess_return": -12.071691947475992,
  "avg_win_rate": 37.5,
  "avg_sharpe": -28.90636791286518,
  "worst_drawdown": 7.879662154231483,
  "profitable_months": 3,
  "total_months": 4
}