iteration,month,train_days,test_days,trades,win_rate,total_return,sharpe_ratio,max_drawdown,profit_factor
1,Jan_2021,253,19,4,50.0,0.6521771395473479,-23.903220014051293,7.858148822621101,1.0277384032304466
2,Feb_2021,251,19,2,50.0,1.3862996984953497,-29.114797233681465,6.755440663810985,1.2469491781955708
3,Mar_2021,251,23,4,50.0,2.31146592496043,-22.977799360181113,7.879662154231483,1.237257040286771
4,Apr_2021,252,21,1,0.0,-4.16163471047912,-39.62965504354684,5.641162560408701,0.0
