iteration,month,train_days,test_days,trades,win_rate,total_return,sharpe_ratio,max_drawdown,profit_factor
1,Jan_2021,253,19,2,100.0,9.71815040945512,-23.265915825216513,4.580719928144871,0.0
2,Feb_2021,251,19,2,50.0,1.660436512229353,-29.005079983808315,6.802043979199563,1.1839957555879828
3,Mar_2021,251,23,3,66.66666666666666,2.915041203246801,-23.081829726713902,7.324903017215546,1.337810411035516
4,Apr_2021,252,21,2,50.0,6.403071160371837,-34.07241057685591,3.6706456865641357,6.861544293437857
