{
  "iteration": 2,
  "month": "Feb_2021",
  "train_days": 251,
  "test_days": 19,
  "trades": 2,
  "win_rate": 50.0,
  "total_return": 1.3862996984953497,
  "sharpe_ratio": -29.114797233681465,
  "max_drawdown": 6.755440663810985,
  "profit_factor": 1.2469491781955708,
  "train_samples": 251,
  "test_samples": 19
}