{
  "iteration": 4,
  "month": "Apr_2021",
  "train_days": 252,
  "test_days": 21,
  "trades": 2,
  "win_rate": 50.0,
  "total_return": 6.403071160371837,
  "sharpe_ratio": -34.07241057685591,
  "max_drawdown": 3.6706456865641357,
  "profit_factor": 6.861544293437857,
  "train_samples": 252,
  "test_samples": 21
}