{
  "iteration": 1,
  "month": "Jan_2021",
  "train_days": 253,
  "test_days": 19,
  "trades": 2,
  "win_rate": 100.0,
  "total_return": 9.71815040945512,
  "sharpe_ratio": -23.265915825216513,
  "max_drawdown": 4.580719928144871,
  "profit_factor": 0,
  "train_samples": 253,
  "test_samples": 19
}