{
  "iteration": 2,
  "month": "Feb_2021",
  "train_days": 251,
  "test_days": 19,
  "trades": 2,
  "win_rate": 50.0,
  "total_return": 1.660436512229353,
  "sharpe_ratio": -29.005079983808315,
  "max_drawdown": 6.802043979199563,
  "profit_factor": 1.1839957555879828,
  "train_samples": 251,
  "test_samples": 19
}