{
  "baseline": {
    "avg_win_rate": 0.44793650793650797,
    "avg_return": -0.01702482449957096,
    "avg_sharpe": -21.243715987689242,
    "positive_periods_pct": 46.666666666666664
  },
  "adaptive": {
    "avg_win_rate": 0.4833597883597884,
    "avg_return": -0.023245071667091294,
    "avg_sharpe": -17.738424862888262,
    "positive_periods_pct": 60.0
  },
  "improvements": {
    "win_rate": 3.542328042328041,
    "return": -0.6220247167520336,
    "sharpe": 3.50529112480098,
    "max_dd": -21.131721500198488,
    "positive_periods": "2"
  },
  "criteria_passed": 2,
  "criteria_total": 6,
  "validation_date": "2025-12-31T23:38:52.611473"
}