{
  "iteration": 4,
  "month": "Apr_2022",
  "train_days": 253,
  "test_days": 20,
  "trades": 3,
  "win_rate": 0.0,
  "total_return": -21.469475766220057,
  "sharpe_ratio": -16.129152641533636,
  "max_drawdown": 21.469475766220057,
  "profit_factor": 0.0,
  "train_samples": 253,
  "test_samples": 20
}