{
  "iteration": 1,
  "month": "Jan_2022",
  "train_days": 252,
  "test_days": 20,
  "trades": 4,
  "win_rate": 25.0,
  "total_return": -13.455348998153568,
  "sharpe_ratio": -20.946601359236727,
  "max_drawdown": 22.00936267299039,
  "profit_factor": 0.23284762005124082,
  "train_samples": 252,
  "test_samples": 20
}