{
  "total_return": -34.924824764373625,
  "buy_hold_return": -13.31,
  "excess_return": -21.614824764373623,
  "avg_win_rate": 6.25,
  "avg_sharpe": -9.26893850019259,
  "worst_drawdown": 22.00936267299039,
  "profitable_months": 0,
  "total_months": 4
}