{
  "total_return": -35.22257740474197,
  "buy_hold_return": -13.31,
  "excess_return": -21.912577404741967,
  "avg_win_rate": 31.249999999999996,
  "avg_sharpe": -17.647608097333155,
  "worst_drawdown": 21.88708315639633,
  "profitable_months": 1,
  "total_months": 4
}