iteration,month,train_days,test_days,trades,win_rate,total_return,sharpe_ratio,max_drawdown,profit_factor
1,Jan_2022,252,20,4,25.0,-13.455348998153568,-20.946601359236727,22.00936267299039,0.23284762005124082
2,Feb_2022,253,19,0,0.0,0.0,0.0,0.0,0.0
3,Mar_2022,253,23,0,0.0,0.0,0.0,0.0,0.0
4,Apr_2022,253,20,3,0.0,-21.469475766220057,-16.129152641533636,21.469475766220057,0.0
