iteration,month,train_days,test_days,trades,win_rate,total_return,sharpe_ratio,max_drawdown,profit_factor
1,Jan_2022,252,20,4,25.0,-13.332964652772716,-20.877154469699136,21.88708315639633,0.23443085473785244
2,Feb_2022,253,19,3,33.33333333333333,-8.552096253217314,-18.060979448498628,16.71502268095927,0.2752445507395042
3,Mar_2022,253,23,3,66.66666666666666,5.85688271669278,-15.501910960010443,10.505641573188768,1.6004982415073765
4,Apr_2022,253,20,2,0.0,-19.19439921544472,-16.15038751112442,20.72877768692114,0.0
